{
 "SSIM": 0.8264605402946472,
 "PSNR": 25.459077835083008,
 "LPIPS-vgg": 0.17983604967594147,
 "LPIPS-alex": 0.1029924750328064,
 "MS-SSIM": 0.9385571479797363,
 "D-SSIM": 0.030721453949809074,
 "crop_px": 5,
 "Depth MSE": 0.005036252307084699,
 "Depth RMSE": 0.07066945272187392
}