{
 "SSIM": 0.9350712299346924,
 "PSNR": 31.371431350708008,
 "LPIPS-vgg": 0.11292418092489243,
 "LPIPS-alex": 0.05591803789138794,
 "MS-SSIM": 0.9787331223487854,
 "D-SSIM": 0.010633379220962524,
 "crop_px": 5,
 "Depth MSE": 0.034565848073301216,
 "Depth RMSE": 0.17085707545280457
}