{
 "SSIM": 0.7986527681350708,
 "PSNR": 24.820308685302734,
 "LPIPS-vgg": 0.22914838790893555,
 "LPIPS-alex": 0.1359582096338272,
 "MS-SSIM": 0.9097742438316345,
 "D-SSIM": 0.04511285573244095,
 "crop_px": 5,
 "Depth MSE": 0.007610401365285118,
 "Depth RMSE": 0.08681198512514432
}